simulant_id,name,status,references,naming,not_naming,unchecked,scalars_present,scalars_sourced,scalars_unsourced,composition_rows,composition_rows_cited,test1_named,test3_all_values_sourced
S001,AGK-2010,not_extracted,1,0,0,1,3,0,"bulk_density, cohesion, friction_angle",0,0,unknown,FAIL
S002,ALRS-1,not_extracted,1,0,0,1,0,0,,0,0,unknown,n/a
S003,ALS,not_extracted,5,4,0,1,1,0,friction_angle,0,0,pass,FAIL
S004,BH-1,verified,8,7,0,1,1,1,,10,10,pass,pass
S005,BHLD20,verified,4,4,0,0,0,0,,2,2,pass,pass
S006,BP-1,verified,5,4,0,1,4,3,bulk_density,7,7,pass,partial
S007,CAS-1,verified,16,14,0,2,3,3,,16,16,pass,pass
S008,CHENOBI,not_extracted,11,11,0,0,5,4,particle_morphology,0,0,pass,partial
S009,CLDS-i,verified,7,7,0,0,0,0,,12,12,pass,pass
S010,CLRS-1,not_extracted,13,12,0,1,0,0,,0,0,pass,n/a
S011,CSM-CL,verified,8,7,0,1,0,0,,5,5,pass,pass
S012,CUG-1A,verified,5,5,0,0,4,1,"bulk_density, cohesion, friction_angle",14,14,pass,partial
S013,CUMT-1,verified,8,8,0,0,7,5,"cohesion, friction_angle",18,18,pass,partial
S014,DNA-1,not_extracted,7,6,0,1,3,3,,0,0,pass,pass
S015,DNA-1A,verified,4,2,0,2,3,3,,10,10,pass,pass
S016,DUST-Y,not_published,3,3,0,0,0,0,,0,0,pass,n/a
S017,EAC-1,verified,5,5,0,0,3,1,"bulk_density, cohesion",31,31,pass,partial
S018,EAC-1A,verified,6,6,0,0,6,4,"bulk_density, particle_size_distribution",13,13,pass,partial
S019,FJS-1,verified,8,7,0,1,4,3,bulk_density,17,17,pass,partial
S020,FJS-1g,not_extracted,2,2,0,0,0,0,,0,0,pass,n/a
S021,FJS-2,not_extracted,5,5,0,0,0,0,,0,0,pass,n/a
S022,FJS-3,not_extracted,6,6,0,0,0,0,,0,0,pass,n/a
S023,GCA-1,not_extracted,7,6,1,0,0,0,,0,0,pass,n/a
S024,GRC-1,not_extracted,1,0,0,1,0,0,,0,0,unknown,n/a
S025,GreenSpar,verified,3,3,0,0,1,1,,12,12,pass,pass
S026,JLU-H,not_extracted,6,6,0,0,2,2,,0,0,pass,pass
S027,JSC-1,verified,14,14,0,0,6,4,"bulk_density, specific_gravity",13,13,pass,partial
S028,JSC-1A,verified,17,15,1,1,6,3,"bulk_density, cohesion, friction_angle",16,16,pass,partial
S029,JSC-1AC,withheld_unverified,10,9,0,1,1,1,,0,0,pass,pass
S030,JSC-1AF,verified,10,10,0,0,3,3,,12,12,pass,pass
S031,KIGAM-L1,verified,3,3,0,0,0,0,,10,10,pass,pass
S032,KLS-1,verified,4,4,0,0,4,2,"density_g_cm3, particle_size_d50",12,12,pass,partial
S033,KOHLS-1,not_extracted,7,6,0,1,0,0,,0,0,pass,n/a
S034,Kohyama Simulant,not_extracted,5,5,0,0,0,0,,0,0,pass,n/a
S035,LCATS-1,verified,4,3,0,1,0,0,,11,11,pass,pass
S036,LHS-1,verified,6,5,0,1,9,9,,16,16,pass,pass
S037,LMS-1,verified,9,8,0,1,9,8,specific_gravity,16,16,pass,partial
S038,LSS-ISAC-1,not_extracted,2,0,0,2,3,0,"bulk_density, cohesion, friction_angle",0,0,unknown,FAIL
S039,LuNOR,not_extracted,1,0,0,1,0,0,,0,0,unknown,n/a
S040,LX-M100,verified,3,3,0,0,7,6,friction_angle,20,20,pass,partial
S041,LX-T100,verified,3,3,0,0,7,6,friction_angle,16,16,pass,partial
S042,MKS-1,verified,6,6,0,0,0,0,,11,11,pass,pass
S043,MLS-1,verified,8,8,0,0,8,5,"bulk_density, friction_angle, particle_size_distribution",8,8,pass,partial
S044,MLS-2,not_extracted,5,5,0,0,0,0,,0,0,pass,n/a
S045,NAO-1,verified,12,12,0,0,4,4,,15,15,pass,pass
S046,NEU-1,not_extracted,1,0,0,1,0,0,,0,0,unknown,n/a
S047,NU-LHT,withheld_unverified,10,10,0,0,1,0,glass_content_percent,0,0,pass,FAIL
S048,NU-LHT-1D,not_extracted,6,6,0,0,1,1,,0,0,pass,pass
S049,NU-LHT-1M,verified,11,11,0,0,2,1,glass_content_percent,23,23,pass,partial
S050,NU-LHT-2C,not_extracted,8,8,0,0,1,1,,0,0,pass,pass
S051,NU-LHT-2M,verified,11,11,0,0,7,3,"bulk_density, friction_angle, specific_gravity, glass_content_percent",22,22,pass,partial
S052,NUW-LHT-5M,verified,3,3,0,0,1,1,,13,13,pass,pass
S053,OB-1,verified,12,11,0,1,3,3,,18,18,pass,pass
S054,OB-1A,withheld_unverified,6,5,1,0,5,4,bulk_density,0,0,pass,partial
S055,OPR Agglutinate,not_extracted,1,0,0,1,0,0,,0,0,unknown,n/a
S056,OPRFLCROSS2,not_extracted,1,0,0,1,0,0,,0,0,unknown,n/a
S057,OPRH2N,verified,6,6,0,0,7,7,,15,15,pass,pass
S058,OPRH3N,verified,7,7,0,0,7,5,"cohesion, friction_angle",15,15,pass,partial
S059,OPRH4N,verified,5,4,1,0,6,6,,15,15,pass,pass
S060,OPRL2N,verified,10,10,0,0,7,7,,15,15,pass,pass
S061,OPRL2NT,not_extracted,7,6,1,0,0,0,,0,0,pass,n/a
S062,Oshima Simulant,not_extracted,5,4,0,1,0,0,,0,0,pass,n/a
S063,TBG-1,verified,6,5,0,1,0,0,,13,13,pass,pass
S064,TJ-1,verified,9,9,0,0,5,2,"bulk_density, cohesion, specific_gravity",10,10,pass,partial
S065,TLH-0,verified,2,1,0,1,11,11,,23,23,pass,pass
S066,TLM-0,verified,2,1,0,1,11,11,,24,24,pass,pass
S067,TLS-01,verified,4,4,0,0,8,5,"cohesion, friction_angle, particle_ruggedness",11,11,pass,partial
S069,TUBS-M,verified,2,2,0,0,5,4,particle_size_distribution,11,11,pass,partial
S070,TUBS-T,verified,2,2,0,0,4,4,,11,11,pass,pass
S071,UoM-B,not_extracted,1,0,0,1,0,0,,0,0,unknown,n/a
S072,UoM-W,not_extracted,1,0,0,1,0,0,,0,0,unknown,n/a
S073,UW-1H,not_extracted,1,0,0,1,0,0,,0,0,unknown,n/a
S074,UW-1M,not_extracted,1,0,0,1,0,0,,0,0,unknown,n/a
S075,WHU-1,not_extracted,4,4,0,0,4,1,"bulk_density, cohesion, friction_angle",0,0,pass,partial
S076,LMS-2,verified,3,3,0,0,5,5,,16,16,pass,pass
S077,LHS-2,verified,3,3,0,0,7,7,,16,16,pass,pass
S078,LHS-2E,verified,3,2,1,0,7,7,,12,12,pass,pass
S079,LSP-2,verified,6,6,0,0,7,7,,12,12,pass,pass
S080,IGG-01,verified,2,2,0,0,5,5,,6,6,pass,pass
S081,JSC-2A,verified,9,9,0,0,4,2,"particle_size_d50, particle_size_distribution",12,12,pass,partial
S082,GRC-3,not_extracted,1,0,0,1,3,0,"bulk_density, friction_angle, specific_gravity",0,0,unknown,FAIL
S083,NAO-2,not_extracted,2,2,0,0,0,0,,0,0,pass,n/a
S084,CLRS-2,not_extracted,10,10,0,0,0,0,,0,0,pass,n/a
S085,JSC-2,not_extracted,2,2,0,0,0,0,,0,0,pass,n/a
S086,NU-LHT-2E,not_extracted,2,2,0,0,1,1,,0,0,pass,pass
S087,NU-LHT-2EG,not_extracted,2,2,0,0,0,0,,0,0,pass,n/a
S088,NU-LHT-3M,not_extracted,5,5,0,0,1,1,,0,0,pass,pass
S089,NU-LHT-4M,verified,6,6,0,0,4,3,bulk_density,12,12,pass,partial
S090,NU-LHT-5M,not_extracted,1,1,0,0,0,0,,0,0,pass,n/a
S091,LHS-1D,verified,5,5,0,0,8,8,,16,16,pass,pass
S092,LHS-1E,verified,3,3,0,0,7,7,,12,12,pass,pass
S093,LHS-1-25A,verified,5,4,0,1,5,5,,16,16,pass,pass
S094,LMS-1D,verified,5,5,0,0,8,8,,16,16,pass,pass
S095,LMS-1E,verified,2,1,1,0,9,9,,10,10,pass,pass
S096,LHD-1D,not_extracted,1,1,0,0,0,0,,0,0,pass,n/a
S097,FROST-Y,not_extracted,2,1,1,0,2,0,"bulk_density, particle_size_distribution",0,0,pass,FAIL
S098,OPRH2W,not_extracted,3,3,0,0,0,0,,0,0,pass,n/a
S099,OPRH3W,not_extracted,3,2,1,0,0,0,,0,0,pass,n/a
S100,OPRH4W30,verified,3,2,0,1,4,4,,8,8,pass,pass
S101,OPRL2W,not_extracted,3,2,1,0,0,0,,0,0,pass,n/a
S102,OPRFLCROSS1,not_extracted,1,0,0,1,0,0,,0,0,unknown,n/a
S103,CSM-LHT-1,verified,5,5,0,0,4,3,bulk_density,7,7,pass,partial
S104,CSM-LHT-1G,not_extracted,2,2,0,0,0,0,,0,0,pass,n/a
S105,CSM-LMT-1,verified,5,5,0,0,4,3,bulk_density,7,7,pass,partial
S106,CSM-CL-S,not_extracted,3,2,0,1,0,0,,0,0,pass,n/a
S107,Mooncastle,not_extracted,3,3,0,0,0,0,,0,0,pass,n/a
S108,LMA-1,withheld_unverified,4,4,0,0,0,0,,0,0,pass,n/a
S109,LHA-1,withheld_unverified,4,4,0,0,0,0,,0,0,pass,n/a
S110,MLS-1P,not_extracted,4,4,0,0,0,0,,0,0,pass,n/a
S111,MLS-1A,not_extracted,2,1,1,0,0,0,,0,0,pass,n/a
S112,LSS-1,not_extracted,4,4,0,0,0,0,,0,0,pass,n/a
S113,LSS-2,not_extracted,1,1,0,0,0,0,,0,0,pass,n/a
S114,LSS-3,not_extracted,1,1,0,0,0,0,,0,0,pass,n/a
S115,LSS-4,not_extracted,1,1,0,0,0,0,,0,0,pass,n/a
S116,LSS-5,not_extracted,1,1,0,0,0,0,,0,0,pass,n/a
S117,GSC-1,verified,5,5,0,0,0,0,,6,6,pass,pass
S118,Maryland-Sanders,not_extracted,2,1,1,0,0,0,,0,0,pass,n/a
S119,CMU-1,not_extracted,2,1,0,1,0,0,,0,0,pass,n/a
S120,PolyU-1,verified,4,4,0,0,7,4,"cohesion, friction_angle, particle_size_distribution",9,9,pass,partial
S121,BH-2,verified,6,6,0,0,4,0,"bulk_density, cohesion, friction_angle, particle_morphology",3,3,pass,partial
S122,TJ-2,withheld_unverified,5,5,0,0,2,0,"specific_gravity, particle_morphology",0,0,pass,FAIL
S123,NEU-1A,not_extracted,1,0,0,1,0,0,,0,0,unknown,n/a
S124,NEU-1B,not_extracted,1,0,0,1,0,0,,0,0,unknown,n/a
S125,CUG-1,not_extracted,4,3,1,0,0,0,,0,0,pass,n/a
S126,HUST-1,not_extracted,7,7,0,0,1,1,,0,0,pass,pass
S127,HIT-LRS-1,not_extracted,2,2,0,0,0,0,,0,0,pass,n/a
S128,CQU-1,not_extracted,2,2,0,0,0,0,,0,0,pass,n/a
S129,NJU-1,not_extracted,1,1,0,0,0,0,,0,0,pass,n/a
S130,IRSM-1,not_extracted,4,3,1,0,0,0,,0,0,pass,n/a
S131,LBD,withheld_unverified,2,2,0,0,5,0,"bulk_density, cohesion, friction_angle, particle_size_d50, particle_morphology",0,0,pass,FAIL
S132,TYII-0,withheld_unverified,2,2,0,0,5,0,"bulk_density, cohesion, friction_angle, particle_size_d50, particle_morphology",0,0,pass,FAIL
S133,TYII-1,not_extracted,2,2,0,0,0,0,,0,0,pass,n/a
S134,TYII-2,not_extracted,2,2,0,0,0,0,,0,0,pass,n/a
S135,ZJM-01,not_extracted,2,2,0,0,1,1,,0,0,pass,pass
S136,QH-E,not_extracted,3,3,0,0,2,2,,0,0,pass,pass
S137,TUBS-I,not_extracted,1,1,0,0,3,3,,0,0,pass,pass
S138,LX-I50,not_extracted,2,2,0,0,7,4,"friction_angle, particle_size_d50, particle_size_distribution",0,0,pass,partial
S139,SCC-1,not_extracted,1,1,0,0,0,0,,0,0,pass,n/a
S140,SCC-2,not_extracted,1,1,0,0,0,0,,0,0,pass,n/a
S141,OUSR-1,not_extracted,2,2,0,0,0,0,,0,0,pass,n/a
S142,SR-2,not_extracted,2,2,0,0,0,0,,0,0,pass,n/a
S143,OUEB-1,not_extracted,2,2,0,0,0,0,,0,0,pass,n/a
S144,EB-2,withheld_unverified,2,2,0,0,0,0,,0,0,pass,n/a
S145,OUHR-1,withheld_unverified,2,2,0,0,0,0,,0,0,pass,n/a
S146,HR-2,withheld_unverified,2,2,0,0,0,0,,0,0,pass,n/a
S149,ES-1,withheld_unverified,2,2,0,0,0,0,,0,0,pass,n/a
S150,ES-2,withheld_unverified,2,2,0,0,0,0,,0,0,pass,n/a
S151,ES-3,withheld_unverified,2,2,0,0,0,0,,0,0,pass,n/a
S152,ES-4,not_extracted,2,2,0,0,0,0,,0,0,pass,n/a
S153,LZS-1,verified,3,3,0,0,1,1,,10,10,pass,pass
S154,KAUMLS,not_extracted,3,3,0,0,0,0,,0,0,pass,n/a
S155,TRI-1,not_extracted,3,3,0,0,1,1,,0,0,pass,pass
S156,TLS-01A,not_extracted,3,2,0,1,0,0,,0,0,pass,n/a
S157,FEFU-1,not_extracted,1,0,0,1,0,0,,0,0,unknown,n/a
S158,LuSIC-1,not_extracted,2,0,0,2,0,0,,0,0,unknown,n/a
